name,description,keywords
Monthly offer and promotion,Share this month's offer or discount with customers,offer|deal|this month
Seasonal greeting,A warm seasonal hello to customers and community,season|greetings|warmth
Product or service launch,Announce something new and explain why it matters,launch|new|available
Community update,Keep members in the loop about what is happening,update|news|community
Event invitation,Invite your audience to an event or meetup,invite|join|event
Thank-you note,Express appreciation to customers, members or volunteers,thank|gratitude|appreciation
Behind the scenes,Show the people and process behind the work,behind the scenes|team|story
Educational tip,Teach one useful thing related to your domain,tip|learn|how to
Seasonal recipe or recommendation,Share something to try this season,try|recipe|recommend
Milestone celebration,Celebrate an anniversary, number or achievement,milestone|celebrate|proud
Newsletter intro,Open the monthly note with context and warmth,newsletter|hello|month
Feedback request,Ask your audience for opinions and ideas,feedback|reply|think
New year or new month goals,Share intentions and invite accountability,goals|plans|ahead
Holiday greeting,Celebrate a holiday with your audience,holiday|wishes|celebrate
Weekend special,A short time-limited weekend message,weekend|special|limited
Loyalty and rewards,Recognise repeat customers,member benefits and perks,loyalty|rewards|members
Hiring or team update,Share that you are growing the team,hiring|joining|team
Partnership announcement,Announce a collaboration with another organisation,partner|together|collaboration
Sustainability commitment,Share an environmental or social commitment,sustainable|planet|responsibility
Health and wellbeing,Encourage healthy habits and balance,wellbeing|balance|care
